,Decision Tree,KNN,SVM,Ensemble
accuracy,0.5441176470588235,0.5,0.47549019607843135,0.5931372549019608
f1_score,0.5473336074865698,0.487999854817879,0.4131324136541282,0.5733387216430389
